Insert,Host_part,Centre_X_mm,Centre_Y_mm,Centre_Z_mm,Axis,Installation_push_direction,OD_mm,Length_mm,Trial_pilot_mm,Xmin,Ymin,Zmin,Xmax,Ymax,Zmax
H10_Base_insert_1,P02_Snap_base,-34.0,-28.5,5.0,Z,-Z,5,4,4.4,-36.5,-31.0,3.0,-31.5,-26.0,7.0
H10_Base_insert_2,P02_Snap_base,34.0,-28.5,5.0,Z,-Z,5,4,4.4,31.5,-31.0,3.0,36.5,-26.0,7.0
H10_Base_insert_3,P02_Snap_base,-33.0,6.0,5.0,Z,-Z,5,4,4.4,-35.5,3.5,3.0,-30.5,8.5,7.0
H10_Base_insert_4,P02_Snap_base,33.0,6.0,5.0,Z,-Z,5,4,4.4,30.5,3.5,3.0,35.5,8.5,7.0
H30_Deck_insert_1,P01_Upper_shell,-36.0,-17.0,41.7,Z,-Z,5,4,4.4,-38.5,-19.5,39.7,-33.5,-14.5,43.7
H30_Deck_insert_2,P01_Upper_shell,35.0,-17.0,41.7,Z,-Z,5,4,4.4,32.5,-19.5,39.7,37.5,-14.5,43.7
H30_Deck_insert_3,P01_Upper_shell,5.0,22.0,41.7,Z,-Z,5,4,4.4,2.5,19.5,39.7,7.5,24.5,43.7
H50_Display_insert_1,P01_Upper_shell,-27.0,-31.7,34.5,Y,-Y,5,4,4.4,-29.5,-33.7,32.0,-24.5,-29.7,37.0
H50_Display_insert_2,P01_Upper_shell,-27.0,-31.7,58.5,Y,-Y,5,4,4.4,-29.5,-33.7,56.0,-24.5,-29.7,61.0
H50_Display_insert_3,P01_Upper_shell,27.0,-31.7,34.5,Y,-Y,5,4,4.4,24.5,-33.7,32.0,29.5,-29.7,37.0
H50_Display_insert_4,P01_Upper_shell,27.0,-31.7,58.5,Y,-Y,5,4,4.4,24.5,-33.7,56.0,29.5,-29.7,61.0
H70_Speaker_insert_1,P01_Upper_shell,-19.0,31.0,64.0,Y,+Y,5,4,4.4,-21.5,29.0,61.5,-16.5,33.0,66.5
H70_Speaker_insert_2,P01_Upper_shell,19.0,31.0,64.0,Y,+Y,5,4,4.4,16.5,29.0,61.5,21.5,33.0,66.5
H70_Speaker_insert_3,P01_Upper_shell,-19.0,31.0,48.0,Y,+Y,5,4,4.4,-21.5,29.0,45.5,-16.5,33.0,50.5
H90_Touch_insert_1,P01_Upper_shell,-20.0,-3.0,70.6,Z,+Z,5,4,4.4,-22.5,-5.5,68.6,-17.5,-0.5,72.6
H90_Touch_insert_2,P01_Upper_shell,20.0,-3.0,70.6,Z,+Z,5,4,4.4,17.5,-5.5,68.6,22.5,-0.5,72.6
H92_USB_insert_1,P01_Upper_shell,-32.0,12.5,32.8,Z,-Z,5,4,4.4,-34.5,10.0,30.8,-29.5,15.0,34.8
H92_USB_insert_2,P01_Upper_shell,-16.0,12.5,32.8,Z,-Z,5,4,4.4,-18.5,10.0,30.8,-13.5,15.0,34.8
