ID,Item,Published_dimensions_mm,Provisional_or_model_dimensions_mm,Required_check,Measured_value_mm,Accepted_date,Notes
C3,ESP32-C3 SuperMini,22.5 x 18 PCB,22.5 x 18 PCB; 1.6 PCB and component heights provisional,"PCB thickness, USB projection, underside parts, antenna end; no mounting-hole pattern assumed",,,
LCD,1.28 inch GC9A01 round TFT,Linked panel 35.60+/-0.10 x38.10+/-0.10 x1.50+/-0.10; active diameter 32.40,Panel 35.6 x 38.1 x 1.5; breakout 38 x 45.5 x 1.6 PROVISIONAL,"Received breakout outline, glass centre offset, board-to-glass stack, header position; this is not the 40.4 x 37.5 Waveshare module",,,
TOUCH,TTP223 touch module,Four diameter 2.2 holes; board outline and centres omitted,24 x 24 x 7 PROVISIONAL,"Blue four-hole version, PCB outline, sense-electrode side and pin clearance",,,
AMP,MAX98357 I2S amplifier,18 x 19 PCB in seller dimensioned image,18 x 19 PCB; populated 10mm envelope,"Terminal block height, PCB thickness and underside; no hole pattern assumed",,,
SPEAKER,"3020 enclosed speaker,4ohm3W",30 x 20 x 7,30 x 20 x 7,"Wire exit, acoustic face, perimeter gasket fit; no pressure on diaphragm",,,
CELL,"Samsung-labelled flat-top 18650,3500mAh",Diameter 18 x 65 nominal; exact Samsung model omitted,Diameter 18.6 x 65.2 FIT ALLOWANCE,"Authentic cell model, maximum dimensions, permitted current/temperature and actual capacity; do not identify as 25P or 35E",,,
HOLDER,Single 18650 holder with leads,150mm leads; holder dimensions omitted,77 x 21 x 23 PROVISIONAL,"Overall holder, contact travel, cell retention and lead exit; carrier has no assumed screw holes",,,
CHARGER,TP4056 USB-C charger with protection,26 x 17 PCB in listing text; 28 x 17 in supplier dimensioned photo - conflicting,26 x 17; populated 6mm clearance provisional,Measure actual board including USB projection; verify protected IN-/OUT- topology. Replace fitted PROG resistor with3.0k (notparallel) matching actual footprint; measure charge current. Native charger USB stays unused.,,,
BOOST,MT3608 step-up converter,36 x 17 x 14,36 x 17 x 14,Set 5.0V before connecting; measured low-cell load/temperature and idle current; 2A listing is not guaranteed 5V output,,,
SWITCH,MTS-202 DPDT ON/ON toggle,Approx 13 x 12 x 31 overall; 6A125VAC listed,13 x 12 x 31 envelope; diameter 6 bushing and hardware provisional,"Contact matrix, DC rating, bushing, nut, lever sweep, terminal clearance and transition timing",,,
USB,USB-C6 x 2 breakout inlet,2.54mm pitch only,22 x 18 x 1.6 PCB plus 8.9 x 7.5 x 3.3 socket PROVISIONAL,"Board size, socket overhang, CC1/CC2 separation, existing pull-downs and actual cable overmould",,,
INSERT,M3 x 4 x 5 heat-set insert,M3 x 0.5 thread; 4long; 5OD,5ODx4; thread simplified,"Knurl and installation pilot; 4.4 pilot is a trial, test 4.3/4.4/4.5/4.6 coupon first",,,
SCREW6,M3 x 6 Phillips pan-head screw,M3 x 0.5; 6mm under-head length,Thread 2.96 simplified; head 6ODx2.4 envelope,Received head diameter/height and under-head length; do not substitute longer screws,,,
SCREW8,M3 x 8 Phillips pan-head screw,M3 x 0.5; 8mm under-head length,Thread 2.96 simplified; head 6ODx2.4 envelope,USB carrier only; verify head and under-head length,,,
RPROG,3.0k charge-current resistor,0805 package,Not modelled individually,"Remove existing PROG resistor and replace with3.0k; do notparallel. Verify TP4056pin2PROG to pin3GND and actual footprint. Expected367-400mA, measure<=500mA or celllimitiflower.",,,
RD,5.1k USB-C Rd resistor,0805 package,Not modelled individually,One independent resistor from eachCC pin toGND only if not already populated,,,
